Student_ID,College,Year_Level,Prior_GWA,Final_Grade,Reading_Dependency_Score,Writing_Dependency_Score,Numeracy_Dependency_Score,Motivation_Score,Environment_Score,AI_Dependency_Index,AI_Sessions_Week,Avg_Session_Duration_Min,AI_Tools_Count,Primary_AI_Tool,Usage_Purpose_Buckets,Study_Hours_Per_Week,Assignment_Submission_Punctuality,LMS_Activity_Level,Grade_Improvement_Delta,High_Risk_Flag
C001,College of Teacher Education,1,2.85,2.90,4.8,5.2,4.4,5.6,4.9,4.8,6,25,3,ChatGPT,Grammar,10,0.92,15,0.05,0
C002,College of Engineering,2,3.20,2.80,6.1,6.4,5.9,4.1,3.8,6.1,9,40,5,Gemini,Problem-solving,8,0.85,20,-0.40,1
C003,College of Computer Studies,3,2.90,3.25,3.9,4.2,3.8,6.2,5.7,4.0,5,18,4,Grammarly,Essay writing,12,0.96,22,0.35,0
C004,College of Business Administration and Accountancy,4,3.50,3.70,4.2,4.1,3.7,5.9,5.2,4.0,4,20,3,ChatGPT,Research,14,0.95,25,0.20,0
C005,College of Industrial Technology,3,2.75,2.60,6.3,6.6,6.1,4.0,4.5,6.3,10,45,6,ChatGPT,Problem-solving,6,0.80,12,-0.15,1
C006,College of Arts and Sciences,2,3.00,3.10,3.8,3.6,3.5,6.4,5.9,3.6,3,10,2,Grammarly,Proofreading,11,0.97,20,0.10,0
C007,College of International Hospitality and Tourism Management,1,2.60,2.40,6.0,6.1,5.8,3.8,4.1,6.0,8,30,4,Gemini,Summary,9,0.88,10,-0.20,1
C008,College of Criminal Justice Education,4,3.25,3.40,4.5,4.8,4.2,5.7,5.3,4.5,5,22,3,ChatGPT,Brainstorming,13,0.94,26,0.15,0
C009,College of Teacher Education,2,2.95,3.05,4.1,4.3,3.9,6.0,5.5,4.1,4,15,3,Grammarly,Essay writing,12,0.95,24,0.10,0
C010,College of Engineering,3,3.10,3.15,5.2,5.5,6.0,5.1,4.8,5.6,7,35,5,ChatGPT,Coding,9,0.90,18,0.05,0
C011,College of Computer Studies,1,2.70,2.80,4.5,4.7,5.0,5.8,5.2,4.7,6,25,4,Gemini,Problem-solving,11,0.93,21,0.10,0
C012,College of Business Administration and Accountancy,4,3.60,3.55,3.8,4.0,3.6,6.3,6.0,3.8,3,12,2,Grammarly,Proofreading,15,0.98,28,-0.05,0
C013,College of Industrial Technology,2,2.80,2.50,6.5,6.7,6.2,3.5,4.0,6.5,11,50,6,ChatGPT,Problem-solving,5,0.75,8,-0.30,1
C014,College of Arts and Sciences,3,3.15,3.30,4.0,4.2,3.9,6.1,5.6,4.0,5,20,3,ChatGPT,Research,13,0.96,23,0.15,0
C015,College of International Hospitality and Tourism Management,4,3.40,3.45,3.7,3.8,3.5,6.5,6.1,3.7,3,15,2,Grammarly,Grammar,14,0.97,25,0.05,0
C016,College of Criminal Justice Education,1,2.55,2.65,5.0,5.3,4.8,5.4,4.7,5.0,7,30,4,Gemini,Summary,10,0.91,16,0.10,0
C017,College of Teacher Education,3,3.05,3.20,3.6,3.9,3.5,6.2,5.8,3.7,4,18,3,Grammarly,Essay writing,13,0.96,24,0.15,0
C018,College of Engineering,4,3.30,3.10,5.8,6.0,6.5,4.5,4.2,6.1,9,45,6,ChatGPT,Coding,7,0.86,15,-0.20,1
C019,College of Computer Studies,2,2.85,2.95,4.3,4.5,4.8,5.7,5.1,4.5,5,22,4,Gemini,Problem-solving,11,0.94,20,0.10,0
C020,College of Business Administration and Accountancy,1,3.45,3.50,3.5,3.7,3.4,6.6,6.2,3.5,3,10,2,Grammarly,Proofreading,16,0.99,29,0.05,0
C021,College of Industrial Technology,4,2.90,2.75,6.2,6.5,6.0,3.9,4.4,6.2,10,40,5,ChatGPT,Problem-solving,6,0.82,11,-0.15,1
C022,College of Arts and Sciences,1,3.20,3.35,3.9,4.1,3.8,6.0,5.5,3.9,4,18,3,ChatGPT,Research,12,0.95,22,0.15,0
C023,College of International Hospitality and Tourism Management,2,2.75,2.85,5.5,5.8,5.2,5.0,4.6,5.5,8,35,5,Gemini,Summary,9,0.89,14,0.10,0
C024,College of Criminal Justice Education,3,3.35,3.40,4.2,4.4,4.0,5.8,5.3,4.2,5,25,4,ChatGPT,Brainstorming,13,0.93,21,0.05,0
C025,College of Teacher Education,4,3.50,3.60,3.4,3.6,3.3,6.7,6.3,3.4,3,12,2,Grammarly,Grammar,15,0.98,27,0.10,0
C026,College of Engineering,1,3.00,2.85,5.9,6.2,6.4,4.3,4.0,6.2,10,50,6,ChatGPT,Coding,6,0.84,13,-0.15,1
C027,College of Computer Studies,4,3.15,3.25,4.0,4.3,4.5,6.1,5.6,4.3,5,20,4,Gemini,Problem-solving,14,0.96,25,0.10,0
C028,College of Business Administration and Accountancy,2,3.55,3.65,3.6,3.8,3.5,6.5,6.1,3.6,3,15,3,Grammarly,Proofreading,15,0.97,26,0.10,0
C029,College of Industrial Technology,1,2.65,2.55,6.4,6.6,6.1,3.7,4.2,6.4,11,45,6,ChatGPT,Problem-solving,5,0.78,9,-0.10,1
C030,College of Arts and Sciences,4,3.25,3.40,3.8,4.0,3.7,6.3,5.8,3.8,4,18,3,ChatGPT,Research,14,0.95,24,0.15,0
C031,College of International Hospitality and Tourism Management,3,2.80,2.90,5.3,5.6,5.0,5.2,4.9,5.3,7,30,4,Gemini,Summary,10,0.91,17,0.10,0
C032,College of Criminal Justice Education,2,3.30,3.35,4.4,4.6,4.2,5.9,5.4,4.4,5,22,4,ChatGPT,Brainstorming,12,0.94,20,0.05,0
C033,College of Teacher Education,1,2.90,3.00,3.7,4.0,3.6,6.1,5.7,3.8,4,15,3,Grammarly,Essay writing,11,0.96,23,0.10,0
C034,College of Engineering,4,3.40,3.25,5.6,5.9,6.3,4.6,4.3,5.9,9,40,5,ChatGPT,Coding,8,0.88,16,-0.15,1
C035,College of Computer Studies,3,3.05,3.15,4.1,4.4,4.7,6.0,5.5,4.4,5,25,4,Gemini,Problem-solving,13,0.95,22,0.10,0
C036,College of Business Administration and Accountancy,3,3.65,3.75,3.4,3.6,3.3,6.8,6.4,3.4,2,10,2,Grammarly,Proofreading,16,0.99,30,0.10,0
C037,College of Industrial Technology,1,2.70,2.60,6.0,6.3,5.8,4.0,4.5,6.0,9,35,5,ChatGPT,Problem-solving,7,0.83,11,-0.10,1
C038,College of Arts and Sciences,2,3.10,3.25,3.9,4.1,3.8,6.2,5.7,3.9,4,18,3,ChatGPT,Research,12,0.96,21,0.15,0
C039,College of International Hospitality and Tourism Management,4,2.85,2.95,5.1,5.4,4.8,5.4,5.0,5.1,6,28,4,Gemini,Summary,11,0.92,19,0.10,0
C040,College of Criminal Justice Education,1,3.20,3.30,4.3,4.5,4.1,5.8,5.4,4.3,5,20,4,ChatGPT,Brainstorming,11,0.94,19,0.10,0
C041,College of Teacher Education,2,3.00,3.15,3.5,3.8,3.4,6.4,6.0,3.6,3,14,3,Grammarly,Essay writing,12,0.97,25,0.15,0
C042,College of Engineering,3,3.35,3.20,5.7,6.0,6.4,4.4,4.1,6.0,9,42,6,ChatGPT,Coding,8,0.87,15,-0.15,1
C043,College of Computer Studies,1,2.95,3.05,4.2,4.5,4.9,5.9,5.4,4.5,6,24,4,Gemini,Problem-solving,11,0.95,21,0.10,0
C044,College of Business Administration and Accountancy,4,3.70,3.75,3.3,3.5,3.2,6.9,6.5,3.3,2,10,2,Grammarly,Proofreading,16,0.99,30,0.05,0
C045,College of Industrial Technology,2,2.75,2.65,6.1,6.4,5.9,3.8,4.3,6.1,9,38,5,ChatGPT,Problem-solving,6,0.81,10,-0.10,1
C046,College of Arts and Sciences,3,3.30,3.45,3.7,3.9,3.6,6.5,6.0,3.7,3,15,3,ChatGPT,Research,13,0.97,26,0.15,0
C047,College of International Hospitality and Tourism Management,1,2.90,3.00,5.0,5.3,4.7,5.5,5.1,5.0,6,25,4,Gemini,Summary,11,0.93,18,0.10,0
C048,College of Criminal Justice Education,4,3.45,3.55,4.1,4.3,4.0,6.0,5.6,4.1,4,18,3,ChatGPT,Brainstorming,14,0.96,24,0.10,0
C049,College of Teacher Education,3,3.10,3.25,3.4,3.7,3.3,6.6,6.2,3.5,3,12,2,Grammarly,Essay writing,14,0.98,27,0.15,0
C050,College of Engineering,2,3.25,3.10,5.5,5.8,6.2,4.7,4.4,5.8,8,38,5,ChatGPT,Coding,9,0.89,17,-0.15,1
C051,College of Computer Studies,4,3.00,3.10,4.4,4.6,5.0,5.6,5.2,4.7,7,28,5,Gemini,Problem-solving,13,0.92,20,0.10,0
C052,College of Business Administration and Accountancy,1,3.60,3.65,3.5,3.7,3.4,6.6,6.1,3.5,3,14,3,Grammarly,Proofreading,15,0.98,28,0.05,0
C053,College of Industrial Technology,3,2.85,2.70,6.3,6.6,6.1,3.9,4.4,6.3,10,42,6,ChatGPT,Problem-solving,6,0.80,9,-0.15,1
C054,College of Arts and Sciences,4,3.40,3.55,3.6,3.8,3.5,6.7,6.2,3.6,3,16,2,ChatGPT,Research,15,0.98,27,0.15,0
C055,College of International Hospitality and Tourism Management,2,2.95,3.05,4.9,5.2,4.6,5.6,5.2,4.9,6,24,4,Gemini,Summary,12,0.94,19,0.10,0
C056,College of Criminal Justice Education,3,3.50,3.60,4.0,4.2,3.9,6.1,5.7,4.0,4,16,3,ChatGPT,Brainstorming,14,0.97,25,0.10,0
C057,College of Teacher Education,1,3.15,3.30,3.3,3.6,3.2,6.7,6.3,3.4,3,11,2,Grammarly,Essay writing,13,0.99,28,0.15,0
C058,College of Engineering,4,3.15,3.00,5.8,6.1,6.5,4.5,4.2,6.1,9,44,6,ChatGPT,Coding,7,0.85,14,-0.15,1
C059,College of Computer Studies,2,3.10,3.20,4.2,4.5,4.8,5.8,5.3,4.5,6,26,4,Gemini,Problem-solving,12,0.94,21,0.10,0
C060,College of Business Administration and Accountancy,3,3.75,3.80,3.2,3.4,3.1,6.9,6.6,3.2,2,10,2,Grammarly,Proofreading,17,0.99,30,0.05,0
C061,College of Industrial Technology,4,2.80,2.65,6.2,6.5,6.0,4.0,4.5,6.2,9,40,5,ChatGPT,Problem-solving,7,0.82,10,-0.15,1
C062,College of Arts and Sciences,1,3.35,3.50,3.8,4.0,3.7,6.3,5.9,3.8,4,17,3,ChatGPT,Research,13,0.96,25,0.15,0
C063,College of International Hospitality and Tourism Management,3,3.00,3.10,4.8,5.1,4.5,5.7,5.3,4.8,5,22,4,Gemini,Summary,12,0.95,20,0.10,0
C064,College of Criminal Justice Education,2,3.55,3.65,3.9,4.1,3.8,6.2,5.8,3.9,4,15,3,ChatGPT,Brainstorming,13,0.97,26,0.10,0
C065,College of Teacher Education,4,3.20,3.35,3.4,3.7,3.3,6.5,6.1,3.5,3,13,2,Grammarly,Essay writing,14,0.98,26,0.15,0
C066,College of Engineering,1,3.05,2.90,5.7,6.0,6.4,4.6,4.3,6.0,9,42,6,ChatGPT,Coding,8,0.88,16,-0.15,1
C067,College of Computer Studies,3,3.20,3.30,4.1,4.4,4.7,6.0,5.5,4.4,5,24,4,Gemini,Problem-solving,14,0.95,23,0.10,0
C068,College of Business Administration and Accountancy,2,3.65,3.70,3.4,3.6,3.3,6.7,6.3,3.4,2,12,3,Grammarly,Proofreading,16,0.98,29,0.05,0
C069,College of Industrial Technology,1,2.75,2.65,6.1,6.4,5.9,4.1,4.6,6.1,9,38,5,ChatGPT,Problem-solving,6,0.81,10,-0.10,1
C070,College of Arts and Sciences,2,3.45,3.60,3.7,3.9,3.6,6.6,6.1,3.7,3,15,3,ChatGPT,Research,14,0.97,26,0.15,0
C071,College of International Hospitality and Tourism Management,4,3.05,3.15,4.7,5.0,4.4,5.8,5.4,4.7,5,20,4,Gemini,Summary,13,0.96,22,0.10,0
C072,College of Criminal Justice Education,1,3.60,3.70,3.8,4.0,3.7,6.3,5.9,3.8,4,14,3,ChatGPT,Brainstorming,12,0.98,27,0.10,0
C073,College of Teacher Education,3,3.25,3.40,3.2,3.5,3.1,6.8,6.4,3.3,2,10,2,Grammarly,Essay writing,15,0.99,29,0.15,0
C074,College of Engineering,2,3.10,2.95,5.9,6.2,6.6,4.4,4.1,6.2,10,45,6,ChatGPT,Coding,7,0.86,14,-0.15,1
C075,College of Computer Studies,4,3.25,3.35,4.0,4.2,4.6,6.1,5.6,4.3,5,22,4,Gemini,Problem-solving,15,0.96,24,0.10,0
C076,College of Business Administration and Accountancy,1,3.70,3.75,3.3,3.5,3.2,6.9,6.5,3.3,2,10,2,Grammarly,Proofreading,17,0.99,30,0.05,0
C077,College of Industrial Technology,2,2.85,2.75,6.0,6.3,5.8,4.2,4.7,6.0,8,35,5,ChatGPT,Problem-solving,6,0.83,11,-0.10,1
C078,College of Arts and Sciences,3,3.50,3.65,3.6,3.8,3.5,6.7,6.2,3.6,3,14,3,ChatGPT,Research,15,0.98,28,0.15,0
C079,College of International Hospitality and Tourism Management,1,3.10,3.20,4.6,4.9,4.3,5.9,5.5,4.6,5,18,4,Gemini,Summary,13,0.97,23,0.10,0
C080,College of Criminal Justice Education,4,3.65,3.75,3.7,3.9,3.6,6.4,6.0,3.7,3,13,2,ChatGPT,Brainstorming,15,0.99,28,0.10,0
C081,College of Teacher Education,2,3.30,3.45,3.1,3.4,3.0,6.9,6.5,3.2,2,10,2,Grammarly,Essay writing,16,0.99,30,0.15,0
C082,College of Engineering,3,3.00,2.85,6.0,6.3,6.7,4.2,3.9,6.3,10,48,6,ChatGPT,Coding,6,0.84,13,-0.15,1
C083,College of Computer Studies,1,3.30,3.40,3.9,4.1,4.5,6.2,5.7,4.2,4,20,4,Gemini,Problem-solving,12,0.97,25,0.10,0
C084,College of Business Administration and Accountancy,4,3.75,3.80,3.2,3.4,3.1,7.0,6.6,3.2,2,10,2,Grammarly,Proofreading,18,0.99,30,0.05,0
C085,College of Industrial Technology,3,2.90,2.80,5.9,6.2,5.7,4.3,4.8,5.9,8,32,4,ChatGPT,Problem-solving,7,0.85,12,-0.10,1
C086,College of Arts and Sciences,4,3.55,3.70,3.5,3.7,3.4,6.8,6.3,3.5,3,13,3,ChatGPT,Research,16,0.99,29,0.15,0
C087,College of International Hospitality and Tourism Management,2,3.15,3.25,4.5,4.8,4.2,6.0,5.6,4.5,5,16,4,Gemini,Summary,14,0.98,24,0.10,0
C088,College of Criminal Justice Education,3,3.70,3.80,3.6,3.8,3.5,6.5,6.1,3.6,3,12,2,ChatGPT,Brainstorming,16,0.99,29,0.10,0
C089,College of Teacher Education,1,3.35,3.50,3.0,3.3,2.9,7.0,6.6,3.1,2,10,2,Grammarly,Essay writing,17,1.00,30,0.15,0
C090,College of Engineering,4,2.95,2.80,6.1,6.4,6.8,4.0,3.7,6.4,11,50,6,ChatGPT,Coding,5,0.82,12,-0.15,1
C091,College of Computer Studies,2,3.35,3.45,3.8,4.0,4.4,6.3,5.8,4.1,4,18,3,Gemini,Problem-solving,13,0.98,26,0.10,0
C092,College of Business Administration and Accountancy,3,3.80,3.85,3.1,3.3,3.0,7.0,6.7,3.1,2,10,2,Grammarly,Proofreading,18,1.00,30,0.05,0
C093,College of Industrial Technology,4,2.95,2.85,5.8,6.1,5.6,4.4,4.9,5.8,8,30,4,ChatGPT,Problem-solving,7,0.87,13,-0.10,1
C094,College of Arts and Sciences,1,3.60,3.75,3.4,3.6,3.3,6.9,6.4,3.4,3,12,2,ChatGPT,Research,17,0.99,30,0.15,0
C095,College of International Hospitality and Tourism Management,3,3.20,3.30,4.4,4.7,4.1,6.1,5.7,4.4,5,15,4,Gemini,Summary,14,0.99,25,0.10,0
C096,College of Criminal Justice Education,2,3.75,3.85,3.5,3.7,3.4,6.6,6.2,3.5,3,11,2,ChatGPT,Brainstorming,17,1.00,30,0.10,0
C097,College of Teacher Education,4,3.40,3.55,3.5,3.8,3.4,6.3,5.9,3.6,3,15,3,Grammarly,Essay writing,15,0.97,27,0.15,0
C098,College of Engineering,1,3.20,3.05,5.4,5.7,6.1,4.8,4.5,5.7,8,35,5,ChatGPT,Coding,8,0.90,17,-0.15,1
C099,College of Computer Studies,3,3.40,3.50,3.7,4.0,4.3,6.4,5.9,4.0,4,16,3,Gemini,Problem-solving,14,0.99,27,0.10,0
C100,College of Business Administration and Accountancy,2,3.40,3.45,3.7,3.9,3.6,6.4,6.0,3.7,3,14,3,Grammarly,Proofreading,15,0.98,27,0.05,0
C101,College of Industrial Technology,1,3.00,2.90,5.7,6.0,5.5,4.5,5.0,5.7,7,28,4,ChatGPT,Problem-solving,8,0.89,14,-0.10,1
C102,College of Arts and Sciences,2,3.05,3.20,4.0,4.2,3.9,6.0,5.5,4.0,5,18,4,ChatGPT,Research,12,0.95,22,0.15,0
C103,College of International Hospitality and Tourism Management,4,3.25,3.35,4.3,4.6,4.0,6.2,5.8,4.3,4,14,3,Gemini,Summary,15,0.99,26,0.10,0
C104,College of Criminal Justice Education,1,3.30,3.40,3.9,4.1,3.8,6.2,5.8,3.9,4,15,3,ChatGPT,Brainstorming,13,0.97,26,0.10,0
C105,College of Teacher Education,3,2.80,2.95,4.0,4.3,3.9,6.1,5.6,4.1,4,18,3,Grammarly,Essay writing,12,0.95,24,0.15,0
C106,College of Engineering,2,2.90,2.75,6.0,6.3,6.7,4.1,3.8,6.3,10,48,6,ChatGPT,Coding,6,0.83,13,-0.15,1
C107,College of Computer Studies,4,2.90,3.00,4.3,4.6,4.9,5.8,5.3,4.6,6,25,4,Gemini,Problem-solving,12,0.94,21,0.10,0
C108,College of Business Administration and Accountancy,1,3.35,3.40,3.8,4.0,3.7,6.3,5.9,3.8,4,16,3,Grammarly,Proofreading,14,0.97,26,0.05,0
C109,College of Industrial Technology,2,3.05,2.95,5.6,5.9,5.4,4.6,5.1,5.6,7,26,4,ChatGPT,Problem-solving,8,0.91,15,-0.10,0
C110,College of Arts and Sciences,3,3.10,3.25,3.9,4.1,3.8,6.2,5.7,3.9,4,19,3,ChatGPT,Research,12,0.96,23,0.15,0
C111,College of International Hospitality and Tourism Management,1,3.30,3.40,4.2,4.5,3.9,6.3,5.9,4.2,4,13,3,Gemini,Summary,15,0.99,27,0.10,0
C112,College of Criminal Justice Education,4,3.35,3.45,3.8,4.0,3.7,6.3,5.9,3.8,4,14,3,ChatGPT,Brainstorming,14,0.98,27,0.10,0
C113,College of Teacher Education,2,2.85,3.00,3.9,4.2,3.8,6.2,5.7,4.0,4,17,3,Grammarly,Essay writing,12,0.96,23,0.15,0
C114,College of Engineering,3,2.85,2.70,6.1,6.4,6.8,4.0,3.7,6.4,11,50,6,ChatGPT,Coding,5,0.81,12,-0.15,1
C115,College of Computer Studies,1,2.95,3.05,4.2,4.5,4.8,5.9,5.4,4.5,6,24,4,Gemini,Problem-solving,12,0.95,21,0.10,0
C116,College of Business Administration and Accountancy,4,3.40,3.45,3.7,3.9,3.6,6.4,6.0,3.7,3,15,3,Grammarly,Proofreading,15,0.98,27,0.05,0
C117,College of Industrial Technology,3,3.10,3.00,5.5,5.8,5.3,4.7,5.2,5.5,7,24,4,ChatGPT,Problem-solving,9,0.93,16,-0.10,0
C118,College of Arts and Sciences,1,3.15,3.30,3.8,4.0,3.7,6.3,5.8,3.8,4,17,3,ChatGPT,Research,13,0.96,24,0.15,0
C119,College of International Hospitality and Tourism Management,2,3.35,3.45,4.1,4.4,3.8,6.4,6.0,4.1,3,12,3,Gemini,Summary,16,1.00,28,0.10,0
C120,College of Criminal Justice Education,3,3.40,3.50,3.7,3.9,3.6,6.4,6.0,3.7,3,13,2,ChatGPT,Brainstorming,15,0.99,28,0.10,0
C121,College of Teacher Education,4,2.90,3.05,3.8,4.1,3.7,6.3,5.8,3.9,4,16,3,Grammarly,Essay writing,13,0.97,24,0.15,0
C122,College of Engineering,1,2.80,2.65,6.2,6.5,6.9,3.9,3.6,6.5,12,52,6,ChatGPT,Coding,4,0.79,11,-0.15,1
C123,College of Computer Studies,2,3.00,3.10,4.1,4.4,4.7,6.0,5.5,4.4,5,23,4,Gemini,Problem-solving,12,0.95,22,0.10,0
C124,College of Business Administration and Accountancy,3,3.45,3.50,3.6,3.8,3.5,6.5,6.1,3.6,3,14,3,Grammarly,Proofreading,16,0.98,28,0.05,0
C125,College of Industrial Technology,4,3.15,3.05,5.4,5.7,5.2,4.8,5.3,5.4,6,22,4,ChatGPT,Problem-solving,9,0.95,17,-0.10,0
C126,College of Arts and Sciences,2,3.20,3.35,3.7,3.9,3.6,6.4,5.9,3.7,4,16,3,ChatGPT,Research,13,0.97,25,0.15,0
C127,College of International Hospitality and Tourism Management,3,3.40,3.50,4.0,4.3,3.7,6.5,6.1,4.0,3,11,2,Gemini,Summary,16,1.00,29,0.10,0
C128,College of Criminal Justice Education,1,3.45,3.55,3.6,3.8,3.5,6.5,6.1,3.6,3,12,2,ChatGPT,Brainstorming,15,0.99,29,0.10,0
C129,College of Teacher Education,2,2.95,3.10,3.7,4.0,3.6,6.4,5.9,3.8,4,15,3,Grammarly,Essay writing,13,0.97,25,0.15,0
C130,College of Engineering,3,2.75,2.60,6.3,6.6,7.0,3.8,3.5,6.6,12,54,6,ChatGPT,Coding,4,0.77,10,-0.15,1
C131,College of Computer Studies,4,3.05,3.15,4.0,4.3,4.6,6.1,5.6,4.3,5,22,4,Gemini,Problem-solving,13,0.96,23,0.10,0
C132,College of Business Administration and Accountancy,1,3.50,3.55,3.5,3.7,3.4,6.6,6.2,3.5,3,13,2,Grammarly,Proofreading,16,0.99,29,0.05,0
C133,College of Industrial Technology,2,3.20,3.10,5.3,5.6,5.1,4.9,5.4,5.3,6,20,4,ChatGPT,Problem-solving,10,0.97,18,-0.10,0
C134,College of Arts and Sciences,3,3.25,3.40,3.6,3.8,3.5,6.5,6.0,3.6,3,15,3,ChatGPT,Research,14,0.98,26,0.15,0
C135,College of International Hospitality and Tourism Management,4,3.45,3.55,3.9,4.2,3.6,6.6,6.2,3.9,3,10,2,Gemini,Summary,17,1.00,30,0.10,0
C136,College of Criminal Justice Education,2,3.50,3.60,3.5,3.7,3.4,6.6,6.2,3.5,3,11,2,ChatGPT,Brainstorming,16,0.99,30,0.10,0
C137,College of Teacher Education,1,3.00,3.15,3.6,3.9,3.5,6.5,6.0,3.7,3,14,3,Grammarly,Essay writing,14,0.98,26,0.15,0
C138,College of Engineering,4,2.70,2.55,6.4,6.7,7.1,3.7,3.4,6.7,12,56,6,ChatGPT,Coding,3,0.75,9,-0.15,1
C139,College of Computer Studies,3,3.10,3.20,3.9,4.2,4.5,6.2,5.7,4.2,4,21,4,Gemini,Problem-solving,13,0.97,24,0.10,0
C140,College of Business Administration and Accountancy,2,3.55,3.60,3.4,3.6,3.3,6.7,6.3,3.4,2,12,2,Grammarly,Proofreading,17,0.99,30,0.05,0
C141,College of Industrial Technology,1,3.25,3.15,5.2,5.5,5.0,5.0,5.5,5.2,6,18,3,ChatGPT,Problem-solving,10,0.98,19,-0.10,0
C142,College of Arts and Sciences,4,3.30,3.45,3.5,3.7,3.4,6.6,6.1,3.5,3,14,3,ChatGPT,Research,15,0.98,27,0.15,0
C143,College of International Hospitality and Tourism Management,3,3.50,3.60,3.8,4.1,3.5,6.7,6.3,3.8,3,9,2,Gemini,Summary,17,1.00,30,0.10,0
C144,College of Criminal Justice Education,1,3.55,3.65,3.4,3.6,3.3,6.7,6.3,3.4,3,10,2,ChatGPT,Brainstorming,17,1.00,30,0.10,0
C145,College of Teacher Education,3,3.05,3.20,3.5,3.8,3.4,6.6,6.1,3.6,3,13,2,Grammarly,Essay writing,14,0.98,27,0.15,0
C146,College of Engineering,2,3.15,3.00,5.6,5.9,6.3,4.6,4.3,5.9,9,40,5,ChatGPT,Coding,8,0.88,16,-0.15,1
C147,College of Computer Studies,1,3.15,3.25,3.8,4.1,4.4,6.3,5.8,4.1,4,20,4,Gemini,Problem-solving,14,0.97,25,0.10,0
C148,College of Business Administration and Accountancy,4,3.60,3.65,3.3,3.5,3.2,6.8,6.4,3.3,2,11,2,Grammarly,Proofreading,17,0.99,30,0.05,0
C149,College of Industrial Technology,3,3.30,3.20,5.1,5.4,4.9,5.1,5.6,5.1,5,16,3,ChatGPT,Problem-solving,11,0.99,20,-0.10,0
C150,College of Arts and Sciences,2,3.35,3.50,3.4,3.6,3.3,6.7,6.2,3.4,3,13,3,ChatGPT,Research,16,0.99,28,0.15,0
C151,College of International Hospitality and Tourism Management,1,3.55,3.65,3.7,4.0,3.4,6.8,6.4,3.7,3,8,2,Gemini,Summary,18,1.00,30,0.10,0
C152,College of Criminal Justice Education,4,3.60,3.70,3.3,3.5,3.2,6.8,6.4,3.3,2,9,2,ChatGPT,Brainstorming,18,1.00,30,0.10,0
C153,College of Teacher Education,2,3.10,3.25,3.4,3.7,3.3,6.7,6.2,3.5,3,12,2,Grammarly,Essay writing,15,0.99,28,0.15,0
C154,College of Engineering,1,3.10,2.95,5.8,6.1,6.5,4.5,4.2,6.1,10,42,6,ChatGPT,Coding,7,0.86,15,-0.15,1
C155,College of Computer Studies,4,3.20,3.30,3.7,4.0,4.3,6.4,5.9,4.0,4,19,3,Gemini,Problem-solving,15,0.98,26,0.10,0
C156,College of Business Administration and Accountancy,3,3.65,3.70,3.2,3.4,3.1,6.9,6.5,3.2,2,10,2,Grammarly,Proofreading,18,0.99,30,0.05,0
C157,College of Industrial Technology,1,3.35,3.25,5.0,5.3,4.8,5.2,5.7,5.0,5,14,3,ChatGPT,Problem-solving,11,1.00,21,-0.10,0
C158,College of Arts and Sciences,3,3.40,3.55,3.3,3.5,3.2,6.8,6.3,3.3,3,12,2,ChatGPT,Research,17,0.99,29,0.15,0
C159,College of International Hospitality and Tourism Management,2,3.60,3.70,3.6,3.9,3.3,6.9,6.5,3.6,2,7,2,Gemini,Summary,18,1.00,30,0.10,0
C160,College of Criminal Justice Education,1,3.65,3.75,3.2,3.4,3.1,6.9,6.5,3.2,2,8,2,ChatGPT,Brainstorming,18,1.00,30,0.10,0
C161,College of Teacher Education,4,3.15,3.30,3.3,3.6,3.2,6.8,6.3,3.4,3,11,2,Grammarly,Essay writing,16,0.99,29,0.15,0
C162,College of Engineering,3,3.05,2.90,5.9,6.2,6.6,4.4,4.1,6.2,10,45,6,ChatGPT,Coding,6,0.84,14,-0.15,1
C163,College of Computer Studies,2,3.25,3.35,3.6,3.9,4.2,6.5,6.0,3.9,3,18,3,Gemini,Problem-solving,15,0.99,27,0.10,0
C164,College of Business Administration and Accountancy,1,3.70,3.75,3.1,3.3,3.0,7.0,6.6,3.1,2,10,2,Grammarly,Proofreading,18,1.00,30,0.05,0
C165,College of Industrial Technology,4,3.40,3.30,4.9,5.2,4.7,5.3,5.8,4.9,5,12,3,ChatGPT,Problem-solving,12,1.00,22,-0.10,0
C166,College of Arts and Sciences,2,3.45,3.60,3.2,3.4,3.1,6.9,6.4,3.2,2,11,2,ChatGPT,Research,18,1.00,30,0.15,0
C167,College of International Hospitality and Tourism Management,3,3.65,3.75,3.5,3.8,3.2,7.0,6.6,3.5,2,7,2,Gemini,Summary,18,1.00,30,0.10,0
C168,College of Criminal Justice Education,2,3.70,3.80,3.1,3.3,3.0,7.0,6.6,3.1,2,8,2,ChatGPT,Brainstorming,18,1.00,30,0.10,0
C169,College of Teacher Education,1,3.20,3.35,3.2,3.5,3.1,6.9,6.4,3.3,3,10,2,Grammarly,Essay writing,17,1.00,30,0.15,0
C170,College of Engineering,4,3.00,2.85,6.0,6.3,6.7,4.2,3.9,6.3,10,48,6,ChatGPT,Coding,6,0.83,13,-0.15,1
C171,College of Computer Studies,3,3.30,3.40,3.5,3.8,4.1,6.6,6.1,3.8,3,17,3,Gemini,Problem-solving,16,0.99,28,0.10,0
C172,College of Business Administration and Accountancy,2,3.75,3.80,3.0,3.2,2.9,7.0,6.7,3.0,2,10,2,Grammarly,Proofreading,18,1.00,30,0.05,0
C173,College of Industrial Technology,1,3.45,3.35,4.8,5.1,4.6,5.4,5.9,4.8,4,10,3,ChatGPT,Problem-solving,12,1.00,23,-0.10,0
C174,College of Arts and Sciences,3,3.50,3.65,3.1,3.3,3.0,7.0,6.5,3.1,2,10,2,ChatGPT,Research,18,1.00,30,0.15,0
C175,College of International Hospitality and Tourism Management,4,3.70,3.80,3.4,3.7,3.1,7.0,6.7,3.4,2,6,2,Gemini,Summary,18,1.00,30,0.10,0
C176,College of Criminal Justice Education,1,3.75,3.85,3.0,3.2,2.9,7.0,6.7,3.0,2,8,2,ChatGPT,Brainstorming,18,1.00,30,0.10,0
C177,College of Teacher Education,2,3.25,3.40,3.1,3.4,3.0,7.0,6.5,3.2,2,10,2,Grammarly,Essay writing,17,1.00,30,0.15,0
C178,College of Engineering,1,2.95,2.80,6.1,6.4,6.8,4.1,3.8,6.4,11,50,6,ChatGPT,Coding,5,0.82,12,-0.15,1
C179,College of Computer Studies,4,3.35,3.45,3.4,3.7,4.0,6.7,6.2,3.7,3,16,3,Gemini,Problem-solving,16,1.00,29,0.10,0
C180,College of Business Administration and Accountancy,3,3.80,3.85,2.9,3.1,2.8,7.0,6.8,2.9,2,10,2,Grammarly,Proofreading,18,1.00,30,0.05,0
C181,College of Industrial Technology,2,3.50,3.40,4.7,5.0,4.5,5.5,6.0,4.7,4,8,2,ChatGPT,Problem-solving,13,1.00,24,-0.10,0
C182,College of Arts and Sciences,1,3.55,3.70,3.0,3.2,2.9,7.0,6.6,3.0,2,10,2,ChatGPT,Research,18,1.00,30,0.15,0
C183,College of International Hospitality and Tourism Management,2,3.75,3.85,3.3,3.6,3.0,7.0,6.8,3.3,2,6,2,Gemini,Summary,18,1.00,30,0.10,0
C184,College of Criminal Justice Education,3,3.80,3.90,2.9,3.1,2.8,7.0,6.8,2.9,2,7,2,ChatGPT,Brainstorming,18,1.00,30,0.10,0
C185,College of Teacher Education,4,3.30,3.45,3.0,3.3,2.9,7.0,6.6,3.1,2,10,2,Grammarly,Essay writing,18,1.00,30,0.15,0
C186,College of Engineering,3,2.90,2.75,6.2,6.5,6.9,4.0,3.7,6.5,11,53,6,ChatGPT,Coding,4,0.80,11,-0.15,1
C187,College of Computer Studies,2,3.40,3.50,3.3,3.6,3.9,6.8,6.3,3.6,3,15,3,Gemini,Problem-solving,17,1.00,30,0.10,0
C188,College of Business Administration and Accountancy,1,3.85,3.90,2.8,3.0,2.7,7.0,6.9,2.8,2,10,2,Grammarly,Proofreading,18,1.00,30,0.05,0
C189,College of Industrial Technology,4,3.55,3.45,4.6,4.9,4.4,5.6,6.1,4.6,4,6,2,ChatGPT,Problem-solving,14,1.00,25,-0.10,0
C190,College of Arts and Sciences,3,3.60,3.75,2.9,3.1,2.8,7.0,6.7,2.9,2,10,2,ChatGPT,Research,18,1.00,30,0.15,0
C191,College of International Hospitality and Tourism Management,4,3.80,3.90,3.2,3.5,2.9,7.0,6.9,3.2,2,6,2,Gemini,Summary,18,1.00,30,0.10,0
C192,College of Criminal Justice Education,2,3.85,3.95,2.8,3.0,2.7,7.0,6.9,2.8,2,7,2,ChatGPT,Brainstorming,18,1.00,30,0.10,0
C193,College of Teacher Education,1,3.35,3.50,2.9,3.2,2.8,7.0,6.7,3.0,2,10,2,Grammarly,Essay writing,18,1.00,30,0.15,0
C194,College of Engineering,2,2.85,2.70,6.3,6.6,7.0,3.8,3.6,6.6,12,55,6,ChatGPT,Coding,4,0.78,10,-0.15,1
C195,College of Computer Studies,3,3.45,3.55,3.2,3.5,3.8,6.9,6.4,3.5,3,14,3,Gemini,Problem-solving,17,1.00,30,0.10,0
C196,College of Business Administration and Accountancy,4,3.90,3.95,2.7,2.9,2.6,7.0,7.0,2.7,2,10,2,Grammarly,Proofreading,18,1.00,30,0.05,0
C197,College of Industrial Technology,1,3.60,3.50,4.5,4.8,4.3,5.7,6.2,4.5,3,5,2,ChatGPT,Problem-solving,14,1.00,26,-0.10,0
C198,College of Arts and Sciences,2,3.65,3.80,2.8,3.0,2.7,7.0,6.8,2.8,2,10,2,ChatGPT,Research,18,1.00,30,0.15,0
C199,College of International Hospitality and Tourism Management,3,3.85,3.95,3.1,3.4,2.8,7.0,7.0,3.1,2,6,2,Gemini,Summary,18,1.00,30,0.10,0
C200,College of Criminal Justice Education,4,3.90,4.00,2.7,2.9,2.6,7.0,7.0,2.7,2,7,2,ChatGPT,Brainstorming,18,1.00,30,0.10,0
C201,College of Teacher Education,3,3.40,3.55,2.8,3.1,2.7,7.0,6.8,2.9,2,10,2,Grammarly,Essay writing,18,1.00,30,0.15,0
C202,College of Engineering,4,2.80,2.65,6.4,6.7,7.1,3.7,3.5,6.7,12,58,6,ChatGPT,Coding,3,0.76,9,-0.15,1
C203,College of Computer Studies,1,3.50,3.60,3.1,3.4,3.7,7.0,6.5,3.4,3,13,2,Gemini,Problem-solving,18,1.00,30,0.10,0
C204,College of Business Administration and Accountancy,2,3.20,3.25,4.5,4.7,4.4,5.5,5.1,4.5,4,18,3,Grammarly,Proofreading,13,0.94,22,0.05,0
C205,College of Industrial Technology,3,2.65,2.50,6.5,6.8,6.3,3.8,4.3,6.5,10,47,6,ChatGPT,Problem-solving,5,0.79,9,-0.15,1
C206,College of Arts and Sciences,4,2.95,3.10,4.6,4.8,4.5,5.8,5.3,4.6,5,22,4,ChatGPT,Research,11,0.93,20,0.15,0
C207,College of International Hospitality and Tourism Management,1,2.55,2.35,6.2,6.3,6.0,3.6,3.9,6.2,9,32,5,Gemini,Summary,8,0.86,9,-0.20,1
C208,College of Criminal Justice Education,2,3.15,3.30,4.7,4.9,4.6,5.5,5.1,4.7,5,24,4,ChatGPT,Brainstorming,12,0.92,23,0.15,0
C209,College of Teacher Education,4,2.75,2.85,5.0,5.3,4.9,5.4,5.0,5.1,7,28,4,Grammarly,Grammar,10,0.90,18,0.10,0
C210,College of Engineering,1,3.05,2.90,5.8,6.1,5.7,4.2,3.9,5.9,9,38,5,Gemini,Problem-solving,8,0.85,15,-0.15,1
C211,College of Computer Studies,3,2.85,3.00,4.8,5.1,5.4,5.6,5.2,5.1,6,26,5,Grammarly,Essay writing,10,0.91,19,0.15,0
C212,College of Business Administration and Accountancy,2,3.35,3.40,4.1,4.3,4.0,5.8,5.4,4.1,4,16,3,ChatGPT,Research,13,0.95,24,0.05,0
C213,College of Industrial Technology,4,2.60,2.45,6.6,6.9,6.4,3.7,4.2,6.6,11,50,6,ChatGPT,Problem-solving,5,0.77,8,-0.15,1
C214,College of Arts and Sciences,1,2.90,3.05,4.7,4.9,4.6,5.7,5.2,4.7,5,23,4,Grammarly,Proofreading,11,0.92,21,0.15,0
C215,College of International Hospitality and Tourism Management,3,2.50,2.30,6.3,6.4,6.1,3.5,3.8,6.3,9,35,5,Gemini,Summary,8,0.85,8,-0.20,1
C216,College of Criminal Justice Education,4,3.10,3.25,4.8,5.0,4.7,5.4,5.0,4.8,6,25,4,ChatGPT,Brainstorming,11,0.91,22,0.15,0
C217,College of Teacher Education,2,2.80,2.90,4.9,5.2,4.8,5.5,5.1,5.0,7,27,4,ChatGPT,Grammar,10,0.90,17,0.10,0
C218,College of Engineering,3,3.15,3.00,5.7,6.0,5.6,4.3,4.0,5.8,9,36,5,Gemini,Problem-solving,9,0.86,16,-0.15,1
C219,College of Computer Studies,1,2.80,2.95,4.9,5.2,5.5,5.5,5.1,5.2,6,27,5,Grammarly,Essay writing,10,0.91,18,0.15,0
C220,College of Business Administration and Accountancy,4,3.45,3.50,4.0,4.2,3.9,5.9,5.5,4.0,4,15,3,ChatGPT,Research,14,0.96,25,0.05,0
C221,College of Industrial Technology,2,2.55,2.40,6.7,7.0,6.5,3.6,4.1,6.7,12,52,6,ChatGPT,Problem-solving,4,0.75,7,-0.15,1
C222,College of Arts and Sciences,3,2.85,3.00,4.8,5.0,4.7,5.6,5.1,4.8,5,24,4,Grammarly,Proofreading,10,0.91,20,0.15,0
C223,College of International Hospitality and Tourism Management,4,2.45,2.25,6.4,6.5,6.2,3.4,3.7,6.4,10,38,5,Gemini,Summary,7,0.84,7,-0.20,1
C224,College of Criminal Justice Education,1,3.05,3.20,4.9,5.1,4.8,5.3,4.9,4.9,6,26,4,ChatGPT,Brainstorming,10,0.90,21,0.15,0
C225,College of Teacher Education,3,2.75,2.85,5.1,5.4,5.0,5.3,4.9,5.2,7,29,5,ChatGPT,Grammar,9,0.89,16,0.10,0
C226,College of Engineering,2,3.10,2.95,5.9,6.2,5.8,4.1,3.8,6.0,10,39,5,Gemini,Problem-solving,8,0.84,14,-0.15,1
C227,College of Computer Studies,4,2.75,2.90,5.0,5.3,5.6,5.4,5.0,5.3,7,28,5,Grammarly,Essay writing,9,0.90,17,0.15,0
C228,College of Business Administration and Accountancy,1,3.40,3.45,4.1,4.3,4.0,5.8,5.4,4.1,4,17,3,ChatGPT,Research,13,0.95,24,0.05,0
C229,College of Industrial Technology,3,2.50,2.35,6.8,7.1,6.6,3.5,4.0,6.8,12,55,6,ChatGPT,Problem-solving,4,0.73,6,-0.15,1
C230,College of Arts and Sciences,4,2.80,2.95,4.9,5.1,4.8,5.5,5.0,4.9,6,25,4,Grammarly,Proofreading,10,0.90,19,0.15,0
C231,College of International Hospitality and Tourism Management,2,2.40,2.20,6.5,6.6,6.3,3.3,3.6,6.5,10,40,5,Gemini,Summary,7,0.83,6,-0.20,1
C232,College of Criminal Justice Education,3,3.00,3.15,5.0,5.2,4.9,5.2,4.8,5.0,6,27,5,ChatGPT,Brainstorming,10,0.89,20,0.15,0
C233,College of Teacher Education,1,2.70,2.80,5.2,5.5,5.1,5.2,4.8,5.3,8,30,5,ChatGPT,Grammar,9,0.88,15,0.10,0
C234,College of Engineering,4,3.00,2.85,6.0,6.3,5.9,4.0,3.7,6.1,10,41,5,Gemini,Problem-solving,7,0.83,13,-0.15,1
C235,College of Computer Studies,2,2.70,2.85,5.1,5.4,5.7,5.3,4.9,5.4,7,29,5,Grammarly,Essay writing,9,0.89,16,0.15,0
C236,College of Business Administration and Accountancy,3,3.30,3.35,4.2,4.4,4.1,5.7,5.3,4.2,4,18,3,ChatGPT,Research,12,0.94,23,0.05,0
C237,College of Industrial Technology,1,2.45,2.30,6.9,7.2,6.7,3.4,3.9,6.9,13,58,6,ChatGPT,Problem-solving,3,0.71,5,-0.15,1
C238,College of Arts and Sciences,2,2.75,2.90,5.0,5.2,4.9,5.4,4.9,5.0,6,26,4,Grammarly,Proofreading,9,0.89,18,0.15,0
C239,College of International Hospitality and Tourism Management,4,2.35,2.15,6.6,6.7,6.4,3.2,3.5,6.6,11,42,6,Gemini,Summary,6,0.82,5,-0.20,1
C240,College of Criminal Justice Education,1,2.95,3.10,5.1,5.3,5.0,5.1,4.7,5.1,7,28,5,ChatGPT,Brainstorming,9,0.88,19,0.15,0
C241,College of Teacher Education,3,2.65,2.75,5.3,5.6,5.2,5.1,4.7,5.4,8,32,5,ChatGPT,Grammar,8,0.87,14,0.10,0
C242,College of Engineering,2,2.95,2.80,6.1,6.4,6.0,3.9,3.6,6.2,11,43,6,Gemini,Problem-solving,7,0.82,12,-0.15,1
C243,College of Computer Studies,4,2.65,2.80,5.2,5.5,5.8,5.2,4.8,5.5,8,30,5,Grammarly,Essay writing,8,0.88,15,0.15,0
C244,College of Business Administration and Accountancy,1,3.25,3.30,4.3,4.5,4.2,5.6,5.2,4.3,5,19,4,ChatGPT,Research,11,0.93,22,0.05,0
C245,College of Industrial Technology,3,2.40,2.25,7.0,7.3,6.8,3.3,3.8,7.0,13,60,6,ChatGPT,Problem-solving,3,0.70,4,-0.15,1
C246,College of Arts and Sciences,4,2.70,2.85,5.1,5.3,5.0,5.3,4.8,5.1,7,27,5,Grammarly,Proofreading,9,0.88,17,0.15,0
C247,College of International Hospitality and Tourism Management,2,2.30,2.10,6.7,6.8,6.5,3.1,3.4,6.7,11,45,6,Gemini,Summary,6,0.80,4,-0.20,1
C248,College of Criminal Justice Education,3,2.90,3.05,5.2,5.4,5.1,5.0,4.6,5.2,7,29,5,ChatGPT,Brainstorming,9,0.87,18,0.15,0
C249,College of Teacher Education,1,2.60,2.70,5.4,5.7,5.3,5.0,4.6,5.5,9,34,5,ChatGPT,Grammar,8,0.86,13,0.10,0
C250,College of Engineering,4,2.90,2.75,6.2,6.5,6.1,3.8,3.5,6.3,11,45,6,Gemini,Problem-solving,6,0.81,11,-0.15,1
C251,College of Computer Studies,3,2.60,2.75,5.3,5.6,5.9,5.1,4.7,5.6,8,31,5,Grammarly,Essay writing,8,0.87,14,0.15,0
C252,College of Business Administration and Accountancy,2,3.15,3.20,4.4,4.6,4.3,5.5,5.1,4.4,5,20,4,ChatGPT,Research,11,0.92,21,0.05,0
C253,College of Industrial Technology,1,2.35,2.20,7.1,7.4,6.9,3.2,3.7,7.1,14,62,6,ChatGPT,Problem-solving,3,0.68,4,-0.15,1
C254,College of Arts and Sciences,3,2.65,2.80,5.2,5.4,5.1,5.2,4.7,5.2,7,28,5,Grammarly,Proofreading,8,0.87,16,0.15,0
C255,College of International Hospitality and Tourism Management,4,2.25,2.05,6.8,6.9,6.6,3.0,3.3,6.8,12,47,6,Gemini,Summary,5,0.79,4,-0.20,1
C256,College of Criminal Justice Education,2,2.85,3.00,5.3,5.5,5.2,4.9,4.5,5.3,8,30,5,ChatGPT,Brainstorming,8,0.86,17,0.15,0
C257,College of Teacher Education,4,2.55,2.65,5.5,5.8,5.4,4.9,4.5,5.6,9,36,5,ChatGPT,Grammar,7,0.85,12,0.10,0
C258,College of Engineering,3,2.85,2.70,6.3,6.6,6.2,3.7,3.4,6.4,12,47,6,Gemini,Problem-solving,6,0.80,10,-0.15,1
C259,College of Computer Studies,1,2.55,2.70,5.4,5.7,6.0,5.0,4.6,5.7,9,33,5,Grammarly,Essay writing,7,0.86,13,0.15,0
C260,College of Business Administration and Accountancy,4,3.10,3.15,4.5,4.7,4.4,5.4,5.0,4.5,5,21,4,ChatGPT,Research,10,0.91,20,0.05,0
C261,College of Industrial Technology,2,2.30,2.15,7.2,7.5,7.0,3.1,3.6,7.2,14,64,6,ChatGPT,Problem-solving,2,0.66,3,-0.15,1
C262,College of Arts and Sciences,1,2.60,2.75,5.3,5.5,5.2,5.1,4.6,5.3,8,29,5,Grammarly,Proofreading,8,0.86,15,0.15,0
C263,College of International Hospitality and Tourism Management,3,2.20,2.00,6.9,7.0,6.7,2.9,3.2,6.9,12,50,6,Gemini,Summary,5,0.78,3,-0.20,1
C264,College of Criminal Justice Education,4,2.80,2.95,5.4,5.6,5.3,4.8,4.4,5.4,8,31,5,ChatGPT,Brainstorming,8,0.85,16,0.15,0
C265,College of Teacher Education,2,2.50,2.60,5.6,5.9,5.5,4.8,4.4,5.7,10,38,6,ChatGPT,Grammar,6,0.84,11,0.10,0
C266,College of Engineering,1,2.80,2.65,6.4,6.7,6.3,3.6,3.3,6.5,12,49,6,Gemini,Problem-solving,5,0.79,9,-0.15,1
C267,College of Computer Studies,3,2.50,2.65,5.5,5.8,6.1,4.9,4.5,5.8,9,35,6,Grammarly,Essay writing,7,0.85,12,0.15,0
C268,College of Business Administration and Accountancy,2,3.05,3.10,4.6,4.8,4.5,5.3,4.9,4.6,5,22,4,ChatGPT,Research,10,0.90,19,0.05,0
C269,College of Industrial Technology,4,2.25,2.10,7.3,7.6,7.1,3.0,3.5,7.3,15,66,6,ChatGPT,Problem-solving,2,0.64,3,-0.15,1
C270,College of Arts and Sciences,3,2.55,2.70,5.4,5.6,5.3,5.0,4.5,5.4,8,30,5,Grammarly,Proofreading,7,0.85,14,0.15,0
C271,College of International Hospitality and Tourism Management,1,2.15,1.95,7.0,7.1,6.8,2.8,3.1,7.0,13,52,6,Gemini,Summary,4,0.77,3,-0.20,1
C272,College of Criminal Justice Education,2,2.75,2.90,5.5,5.7,5.4,4.7,4.3,5.5,9,32,5,ChatGPT,Brainstorming,7,0.84,15,0.15,0
C273,College of Teacher Education,4,2.45,2.55,5.7,6.0,5.6,4.7,4.3,5.8,10,40,6,ChatGPT,Grammar,6,0.83,10,0.10,0
C274,College of Engineering,3,2.75,2.60,6.5,6.8,6.4,3.5,3.2,6.6,13,51,6,Gemini,Problem-solving,5,0.78,8,-0.15,1
C275,College of Computer Studies,1,2.45,2.60,5.6,5.9,6.2,4.8,4.4,5.9,10,37,6,Grammarly,Essay writing,6,0.84,11,0.15,0
C276,College of Business Administration and Accountancy,4,3.00,3.05,4.7,4.9,4.6,5.2,4.8,4.7,6,23,4,ChatGPT,Research,9,0.89,18,0.05,0
C277,College of Industrial Technology,2,2.20,2.05,7.4,7.7,7.2,2.9,3.4,7.4,15,68,6,ChatGPT,Problem-solving,2,0.62,2,-0.15,1
C278,College of Arts and Sciences,1,2.50,2.65,5.5,5.7,5.4,4.9,4.4,5.5,9,31,5,Grammarly,Proofreading,7,0.84,13,0.15,0
C279,College of International Hospitality and Tourism Management,3,2.10,1.90,7.1,7.2,6.9,2.7,3.0,7.1,13,55,6,Gemini,Summary,4,0.76,3,-0.20,1
C280,College of Criminal Justice Education,4,2.70,2.85,5.6,5.8,5.5,4.6,4.2,5.6,9,33,5,ChatGPT,Brainstorming,7,0.83,14,0.15,0
C281,College of Teacher Education,2,2.40,2.50,5.8,6.1,5.7,4.6,4.2,5.9,11,42,6,ChatGPT,Grammar,5,0.82,9,0.10,0
C282,College of Engineering,1,2.70,2.55,6.6,6.9,6.5,3.4,3.1,6.7,13,53,6,Gemini,Problem-solving,4,0.77,7,-0.15,1
C283,College of Computer Studies,3,2.40,2.55,5.7,6.0,6.3,4.7,4.3,6.0,10,39,6,Grammarly,Essay writing,6,0.83,10,0.15,0
C284,College of Business Administration and Accountancy,2,2.95,3.00,4.8,5.0,4.7,5.1,4.7,4.8,6,24,4,ChatGPT,Research,9,0.88,17,0.05,0
C285,College of Industrial Technology,4,2.15,2.00,7.5,7.8,7.3,2.8,3.3,7.5,16,70,6,ChatGPT,Problem-solving,1,0.60,2,-0.15,1
C286,College of Arts and Sciences,3,2.45,2.60,5.6,5.8,5.5,4.8,4.3,5.6,9,32,5,Grammarly,Proofreading,6,0.83,12,0.15,0
C287,College of International Hospitality and Tourism Management,1,2.05,1.85,7.2,7.3,7.0,2.6,2.9,7.2,14,58,6,Gemini,Summary,3,0.75,2,-0.20,1
C288,College of Criminal Justice Education,2,2.65,2.80,5.7,5.9,5.6,4.5,4.1,5.7,10,34,6,ChatGPT,Brainstorming,6,0.82,13,0.15,0
C289,College of Teacher Education,4,2.35,2.45,5.9,6.2,5.8,4.5,4.1,6.0,11,44,6,ChatGPT,Grammar,5,0.81,8,0.10,0
C290,College of Engineering,3,2.65,2.50,6.7,7.0,6.6,3.3,3.0,6.8,14,55,6,Gemini,Problem-solving,4,0.76,6,-0.15,1
C291,College of Computer Studies,1,2.35,2.50,5.8,6.1,6.4,4.6,4.2,6.1,11,41,6,Grammarly,Essay writing,5,0.82,9,0.15,0
C292,College of Business Administration and Accountancy,4,2.90,2.95,4.9,5.1,4.8,5.0,4.6,4.9,6,25,4,ChatGPT,Research,8,0.87,16,0.05,0
C293,College of Industrial Technology,2,2.10,1.95,7.6,7.9,7.4,2.7,3.2,7.6,16,72,6,ChatGPT,Problem-solving,1,0.58,1,-0.15,1
C294,College of Arts and Sciences,1,2.40,2.55,5.7,5.9,5.6,4.7,4.2,5.7,10,33,5,Grammarly,Proofreading,6,0.82,11,0.15,0
C295,College of International Hospitality and Tourism Management,3,2.00,1.80,7.3,7.4,7.1,2.5,2.8,7.3,14,60,6,Gemini,Summary,3,0.74,2,-0.20,1
C296,College of Criminal Justice Education,4,2.60,2.75,5.8,6.0,5.7,4.4,4.0,5.8,10,35,6,ChatGPT,Brainstorming,6,0.81,12,0.15,0
C297,College of Teacher Education,2,2.30,2.40,6.0,6.3,5.9,4.4,4.0,6.1,12,46,6,ChatGPT,Grammar,4,0.80,7,0.10,0
C298,College of Engineering,1,2.60,2.45,6.8,7.1,6.7,3.2,2.9,6.9,14,57,6,Gemini,Problem-solving,3,0.75,5,-0.15,1
C299,College of Computer Studies,3,2.30,2.45,5.9,6.2,6.5,4.5,4.1,6.2,11,43,6,Grammarly,Essay writing,5,0.81,8,0.15,0
C300,College of Business Administration and Accountancy,2,2.85,2.90,5.0,5.2,4.9,4.9,4.5,5.0,7,26,5,ChatGPT,Research,8,0.86,15,0.05,0
C301,College of Industrial Technology,4,2.05,1.90,7.7,8.0,7.5,2.6,3.1,7.7,17,74,6,ChatGPT,Problem-solving,1,0.56,1,-0.15,1
C302,College of Arts and Sciences,3,2.35,2.50,5.8,6.0,5.7,4.6,4.1,5.8,10,34,6,Grammarly,Proofreading,5,0.81,10,0.15,0
C303,College of International Hospitality and Tourism Management,1,1.95,1.75,7.4,7.5,7.2,2.4,2.7,7.4,15,63,6,Gemini,Summary,2,0.73,2,-0.20,1
C304,College of Criminal Justice Education,2,2.55,2.70,5.9,6.1,5.8,4.3,3.9,5.9,11,36,6,ChatGPT,Brainstorming,5,0.80,11,0.15,0
C305,College of Teacher Education,4,2.25,2.35,6.1,6.4,6.0,4.3,3.9,6.2,12,48,6,ChatGPT,Grammar,4,0.79,6,0.10,1
C306,College of Engineering,3,2.55,2.40,6.9,7.2,6.8,3.1,2.8,7.0,15,59,6,Gemini,Problem-solving,3,0.74,4,-0.15,1
C307,College of Computer Studies,1,2.25,2.40,6.0,6.3,6.6,4.4,4.0,6.3,12,45,6,Grammarly,Essay writing,4,0.80,7,0.15,1
C308,College of Business Administration and Accountancy,4,2.80,2.85,5.1,5.3,5.0,4.8,4.4,5.1,7,27,5,ChatGPT,Research,7,0.85,14,0.05,0
C309,College of Industrial Technology,2,2.00,1.85,7.8,8.1,7.6,2.5,3.0,7.8,17,76,6,ChatGPT,Problem-solving,1,0.54,1,-0.15,1
C310,College of Arts and Sciences,1,2.30,2.45,5.9,6.1,5.8,4.5,4.0,5.9,11,35,6,Grammarly,Proofreading,5,0.80,9,0.15,0
C311,College of International Hospitality and Tourism Management,3,1.90,1.70,7.5,7.6,7.3,2.3,2.6,7.5,15,65,6,Gemini,Summary,2,0.72,1,-0.20,1
C312,College of Criminal Justice Education,4,2.50,2.65,6.0,6.2,5.9,4.2,3.8,6.0,11,37,6,ChatGPT,Brainstorming,5,0.79,10,0.15,1
C313,College of Teacher Education,2,2.20,2.30,6.2,6.5,6.1,4.2,3.8,6.3,13,50,6,ChatGPT,Grammar,3,0.78,5,0.10,1
C314,College of Engineering,1,2.50,2.35,7.0,7.3,6.9,3.0,2.7,7.1,15,61,6,Gemini,Problem-solving,2,0.73,3,-0.15,1
C315,College of Computer Studies,3,2.20,2.35,6.1,6.4,6.7,4.3,3.9,6.4,12,47,6,Grammarly,Essay writing,4,0.79,6,0.15,1
C316,College of Business Administration and Accountancy,2,2.75,2.80,5.2,5.4,5.1,4.7,4.3,5.2,7,28,5,ChatGPT,Research,7,0.84,13,0.05,0
C317,College of Industrial Technology,4,1.95,1.80,7.9,8.2,7.7,2.4,2.9,7.9,18,78,6,ChatGPT,Problem-solving,0,0.52,0,-0.15,1
C318,College of Arts and Sciences,3,2.25,2.40,6.0,6.2,5.9,4.4,3.9,6.0,11,36,6,Grammarly,Proofreading,4,0.79,8,0.15,1
C319,College of International Hospitality and Tourism Management,1,1.85,1.65,7.6,7.7,7.4,2.2,2.5,7.6,16,68,6,Gemini,Summary,1,0.71,1,-0.20,1
C320,College of Criminal Justice Education,2,2.45,2.60,6.1,6.3,6.0,4.1,3.7,6.1,12,38,6,ChatGPT,Brainstorming,4,0.78,9,0.15,1
C321,College of Teacher Education,4,2.15,2.25,6.3,6.6,6.2,4.1,3.7,6.4,13,52,6,ChatGPT,Grammar,3,0.77,4,0.10,1
C322,College of Engineering,3,2.45,2.30,7.1,7.4,7.0,2.9,2.6,7.2,16,63,6,Gemini,Problem-solving,2,0.72,2,-0.15,1
C323,College of Computer Studies,1,2.15,2.30,6.2,6.5,6.8,4.2,3.8,6.5,13,49,6,Grammarly,Essay writing,3,0.78,5,0.15,1
C324,College of Business Administration and Accountancy,4,2.70,2.75,5.3,5.5,5.2,4.6,4.2,5.3,8,29,5,ChatGPT,Research,6,0.83,12,0.05,0
C325,College of Industrial Technology,2,1.90,1.75,8.0,8.3,7.8,2.3,2.8,8.0,18,80,6,ChatGPT,Problem-solving,0,0.50,0,-0.15,1
C326,College of Arts and Sciences,1,2.20,2.35,6.1,6.3,6.0,4.3,3.8,6.1,12,37,6,Grammarly,Proofreading,4,0.78,7,0.15,1
C327,College of International Hospitality and Tourism Management,3,1.80,1.60,7.7,7.8,7.5,2.1,2.4,7.7,16,70,6,Gemini,Summary,1,0.70,0,-0.20,1
C328,College of Criminal Justice Education,4,2.40,2.55,6.2,6.4,6.1,4.0,3.6,6.2,12,39,6,ChatGPT,Brainstorming,4,0.77,8,0.15,1
C329,College of Teacher Education,2,2.10,2.20,6.4,6.7,6.3,4.0,3.6,6.5,14,54,6,ChatGPT,Grammar,2,0.76,3,0.10,1
C330,College of Engineering,1,2.40,2.25,7.2,7.5,7.1,2.8,2.5,7.3,16,65,6,Gemini,Problem-solving,1,0.71,1,-0.15,1
C331,College of Computer Studies,3,2.10,2.25,6.3,6.6,6.9,4.1,3.7,6.6,13,51,6,Grammarly,Essay writing,3,0.77,4,0.15,1
C332,College of Business Administration and Accountancy,2,2.65,2.70,5.4,5.6,5.3,4.5,4.1,5.4,8,30,5,ChatGPT,Research,6,0.82,11,0.05,0
C333,College of Industrial Technology,4,1.85,1.70,8.1,8.4,7.9,2.2,2.7,8.1,19,82,6,ChatGPT,Problem-solving,0,0.48,0,-0.15,1
C334,College of Arts and Sciences,3,2.15,2.30,6.2,6.4,6.1,4.2,3.7,6.2,12,38,6,Grammarly,Proofreading,3,0.77,6,0.15,1
C335,College of International Hospitality and Tourism Management,1,1.75,1.55,7.8,7.9,7.6,2.0,2.3,7.8,17,73,6,Gemini,Summary,0,0.69,0,-0.20,1
C336,College of Criminal Justice Education,2,2.35,2.50,6.3,6.5,6.2,3.9,3.5,6.3,13,40,6,ChatGPT,Brainstorming,3,0.76,7,0.15,1
C337,College of Teacher Education,4,2.05,2.15,6.5,6.8,6.4,3.9,3.5,6.6,14,56,6,ChatGPT,Grammar,2,0.75,2,0.10,1
C338,College of Engineering,3,2.35,2.20,7.3,7.6,7.2,2.7,2.4,7.4,17,67,6,Gemini,Problem-solving,1,0.70,0,-0.15,1
C339,College of Computer Studies,1,2.05,2.20,6.4,6.7,7.0,4.0,3.6,6.7,14,53,6,Grammarly,Essay writing,2,0.76,3,0.15,1
C340,College of Business Administration and Accountancy,4,2.60,2.65,5.5,5.7,5.4,4.4,4.0,5.5,8,31,5,ChatGPT,Research,5,0.81,10,0.05,0
C341,College of Industrial Technology,2,1.80,1.65,8.2,8.5,8.0,2.1,2.6,8.2,19,84,6,ChatGPT,Problem-solving,0,0.46,0,-0.15,1
C342,College of Arts and Sciences,1,2.10,2.25,6.3,6.5,6.2,4.1,3.6,6.3,13,39,6,Grammarly,Proofreading,3,0.76,5,0.15,1
C343,College of International Hospitality and Tourism Management,3,1.70,1.50,7.9,8.0,7.7,1.9,2.2,7.9,17,75,6,Gemini,Summary,0,0.68,0,-0.20,1
C344,College of Criminal Justice Education,4,2.30,2.45,6.4,6.6,6.3,3.8,3.4,6.4,13,41,6,ChatGPT,Brainstorming,3,0.75,6,0.15,1
C345,College of Teacher Education,2,2.00,2.10,6.6,6.9,6.5,3.8,3.4,6.7,15,58,6,ChatGPT,Grammar,1,0.74,1,0.10,1
C346,College of Engineering,1,2.30,2.15,7.4,7.7,7.3,2.6,2.3,7.5,17,69,6,Gemini,Problem-solving,1,0.69,0,-0.15,1
C347,College of Computer Studies,3,2.00,2.15,6.5,6.8,7.1,3.9,3.5,6.8,14,55,6,Grammarly,Essay writing,2,0.75,2,0.15,1
C348,College of Business Administration and Accountancy,2,2.55,2.60,5.6,5.8,5.5,4.3,3.9,5.6,9,32,5,ChatGPT,Research,5,0.80,9,0.05,0
C349,College of Industrial Technology,4,1.75,1.60,8.3,8.6,8.1,2.0,2.5,8.3,20,86,6,ChatGPT,Problem-solving,0,0.44,0,-0.15,1
C350,College of Arts and Sciences,3,2.05,2.20,6.4,6.6,6.3,4.0,3.5,6.4,13,40,6,Grammarly,Proofreading,2,0.75,4,0.15,1
C351,College of International Hospitality and Tourism Management,1,1.65,1.45,8.0,8.1,7.8,1.8,2.1,8.0,18,78,6,Gemini,Summary,0,0.67,0,-0.20,1
C352,College of Criminal Justice Education,2,2.25,2.40,6.5,6.7,6.4,3.7,3.3,6.5,14,42,6,ChatGPT,Brainstorming,2,0.74,5,0.15,1
C353,College of Teacher Education,4,1.95,2.05,6.7,7.0,6.6,3.7,3.3,6.8,15,60,6,ChatGPT,Grammar,1,0.73,0,0.10,1
C354,College of Engineering,3,2.25,2.10,7.5,7.8,7.4,2.5,2.2,7.6,18,71,6,Gemini,Problem-solving,0,0.68,0,-0.15,1
C355,College of Computer Studies,1,1.95,2.10,6.6,6.9,7.2,3.8,3.4,6.9,15,57,6,Grammarly,Essay writing,1,0.74,1,0.15,1
C356,College of Business Administration and Accountancy,4,2.50,2.55,5.7,5.9,5.6,4.2,3.8,5.7,9,33,5,ChatGPT,Research,4,0.79,8,0.05,1
C357,College of Industrial Technology,2,1.70,1.55,8.4,8.7,8.2,1.9,2.4,8.4,20,88,6,ChatGPT,Problem-solving,0,0.42,0,-0.15,1
C358,College of Arts and Sciences,1,2.00,2.15,6.5,6.7,6.4,3.9,3.4,6.5,14,41,6,Grammarly,Proofreading,2,0.74,3,0.15,1
C359,College of International Hospitality and Tourism Management,3,1.60,1.40,8.1,8.2,7.9,1.7,2.0,8.1,18,80,6,Gemini,Summary,0,0.66,0,-0.20,1
C360,College of Criminal Justice Education,4,2.20,2.35,6.6,6.8,6.5,3.6,3.2,6.6,14,43,6,ChatGPT,Brainstorming,2,0.73,4,0.15,1
C361,College of Teacher Education,2,1.90,2.00,6.8,7.1,6.7,3.6,3.2,6.9,16,62,6,ChatGPT,Grammar,0,0.72,0,0.10,1
C362,College of Engineering,1,2.20,2.05,7.6,7.9,7.5,2.4,2.1,7.7,18,73,6,Gemini,Problem-solving,0,0.67,0,-0.15,1
C363,College of Computer Studies,3,1.90,2.05,6.7,7.0,7.3,3.7,3.3,7.0,15,59,6,Grammarly,Essay writing,1,0.73,0,0.15,1
C364,College of Business Administration and Accountancy,2,2.45,2.50,5.8,6.0,5.7,4.1,3.7,5.8,9,34,5,ChatGPT,Research,4,0.78,7,0.05,1
C365,College of Industrial Technology,4,1.65,1.50,8.5,8.8,8.3,1.8,2.3,8.5,21,90,6,ChatGPT,Problem-solving,0,0.40,0,-0.15,1
C366,College of Arts and Sciences,3,1.95,2.10,6.6,6.8,6.5,3.8,3.3,6.6,14,42,6,Grammarly,Proofreading,1,0.73,2,0.15,1
C367,College of International Hospitality and Tourism Management,1,1.55,1.35,8.2,8.3,8.0,1.6,1.9,8.2,19,83,6,Gemini,Summary,0,0.65,0,-0.20,1
C368,College of Criminal Justice Education,2,2.15,2.30,6.7,6.9,6.6,3.5,3.1,6.7,15,44,6,ChatGPT,Brainstorming,1,0.72,3,0.15,1
C369,College of Teacher Education,4,1.85,1.95,6.9,7.2,6.8,3.5,3.1,7.0,16,64,6,ChatGPT,Grammar,0,0.71,0,0.10,1
C370,College of Engineering,3,2.15,2.00,7.7,8.0,7.6,2.3,2.0,7.8,19,75,6,Gemini,Problem-solving,0,0.66,0,-0.15,1
C371,College of Computer Studies,1,1.85,2.00,6.8,7.1,7.4,3.6,3.2,7.1,16,61,6,Grammarly,Essay writing,0,0.72,0,0.15,1
C372,College of Business Administration and Accountancy,4,2.40,2.45,5.9,6.1,5.8,4.0,3.6,5.9,10,35,6,ChatGPT,Research,3,0.77,6,0.05,1
C373,College of Industrial Technology,2,1.60,1.45,8.6,8.9,8.4,1.7,2.2,8.6,21,92,6,ChatGPT,Problem-solving,0,0.38,0,-0.15,1
C374,College of Arts and Sciences,1,1.90,2.05,6.7,6.9,6.6,3.7,3.2,6.7,15,43,6,Grammarly,Proofreading,1,0.72,1,0.15,1
C375,College of International Hospitality and Tourism Management,3,1.50,1.30,8.3,8.4,8.1,1.5,1.8,8.3,19,85,6,Gemini,Summary,0,0.64,0,-0.20,1
C376,College of Criminal Justice Education,4,2.10,2.25,6.8,7.0,6.7,3.4,3.0,6.8,15,45,6,ChatGPT,Brainstorming,1,0.71,2,0.15,1
C377,College of Teacher Education,2,1.80,1.90,7.0,7.3,6.9,3.4,3.0,7.1,17,66,6,ChatGPT,Grammar,0,0.70,0,0.10,1
C378,College of Engineering,1,2.10,1.95,7.8,8.1,7.7,2.2,1.9,7.9,19,77,6,Gemini,Problem-solving,0,0.65,0,-0.15,1
C379,College of Computer Studies,3,1.80,1.95,6.9,7.2,7.5,3.5,3.1,7.2,16,63,6,Grammarly,Essay writing,0,0.71,0,0.15,1
C380,College of Business Administration and Accountancy,2,2.35,2.40,6.0,6.2,5.9,3.9,3.5,6.0,10,36,6,ChatGPT,Research,3,0.76,5,0.05,1
C381,College of Industrial Technology,4,1.55,1.40,8.7,9.0,8.5,1.6,2.1,8.7,22,94,6,ChatGPT,Problem-solving,0,0.36,0,-0.15,1